variable,pretty_name,pretty_name_short
TC_Path_minus_TC_AI,TC Path Minus TC AI,
Sample.type,(Path) Sample Type,
WSI.Quality_all,(Path) WSI Quality,
WSI.Quality_all_binary,(Path) WSI Quality [binary],(Path) WSI Quality [bin]
Specimen.Quality_all,(Path) Specimen Quality,
Specimen.Quality_all_binary,(Path) Specimen Quality [binary],(Path) Spec. Quality [bin]
Pen.Marks.on.Tissue_all,(Path) Pen Marks on Tissue,
Microtomy.artefacts...Folds.Tissue.Breacks._all,(Path) Microtomy Artifacts,
Microtomy.artefacts...Folds.Tissue.Breacks._all_binary,(Path) Microtomy Artifacts [binary],(Path) Microtomy Art. [bin]
Thick.Specimen_all,(Path) Thick Specimen,
Cautery.Crush.artefact.average_all,(Path) Cautery Crush Artifact,(Path) Cautery/Crush Art.
PATH.evaluable.cancer.area.marked.as.artifacty.by.AI_all,(Path) Cancer Area Marked Artifact by AI,(Path) Ca. Area Mark. Art.
Acute.infflammation_all,(Path) Acute Inflammation,
Hemorrhage.Resection.Biopsy._Extensive.Blood.Content..Cytology.,(Path) Hemorrhage / Ext. Blood Content,(Path) Hemorrhage
Hemorrhage.Resection.Biopsy._Extensive.Blood.Content..Cytology._binary,(Path) Hemorrhage / Ext. Blood Content [binary],(Path) Hemorrhage [bin]
Margin.Ink_Resection,(Path) Margin Ink,
Immune.aggregates_Resection.Biopsy,(Path) Immune Aggregates,
Tumor.Infiltrating.lymphocytes_Resection.Biopsy,(Path) Tumor Infiltrating Lymphocytes,(Path) TILs
Tumor.Infiltrating.lymphocytes_Resection.Biopsy_binary,(Path) Tumor Infiltrating Lymphocytes [binary],(Path) TILs [bin]
High.content.of.intratumoral.immune.infiltrates_Resection.Biopsy,(Path) High Intratumoral Immune Infiltrates,(Path) High Intratum. Immune
Highly.cellular.stroma_Resection.Biopsy,(Path) Highly Cellular Stroma,
Tetriary.Lymphoid.Structures_Resection.Biopsy,(Path) Tertiary Lymphoid Structures,(Path) Tert. Lymph. Struct.
Tumor.Stroma.Content_Resection.Biopsy,(Path) Tumor Stroma Content,
Necrosis_Resection.Biopsy,(Path) Necrosis,
Necrosis_Resection.Biopsy_binary,(Path) Necrosis [binary],
N.Different.tissue.pieces.per.slide_Resection.Biopsy_numeric,(Path) No. of Tissue Pieces per Slide,(Path) N Tissue Pieces/Slide
N.Different.tissue.pieces.per.slide_Resection.Biopsy_fragmented_yes_no,(Path) Tissue Pieces per Slide Fragmented,(Path) Tissue Pieces Frag.
Cancer.content.N.specimens_Resection.Biopsy_numeric,(Path) No. of Specimens with Cancer Content,(Path) N Specs w/ Cancer
Cancer.content.N.specimens_Resection.Biopsy_fragmented_yes_no,(Path) Specimens with Cancer Content Fragmented,(Path) Specs w/ Cancer Frag.
Cautery.Crush.artefact.average_all_yes_no,(Path) Cautery Crush Artifact,(Path) Cautery/Crush Art.
Tissue,Tissue,
SpecimenSite,Specimen Site,
PossiblyUltraLowTC,(Control) Capped at 20 by Pathologist,(Control) Capped at 20
Foundation.Model...TME.v1.0.1.alpha...Key.Result...Total.area.of.tissue...mm.2,(AI) Total Tissue Area [mm²],(AI) Tot. Tissue Area
Foundation.Model...TME.v1.0.1.alpha...Key.Result...Total.area.of.tumor...mm.2,(AI) Total Tumor Area [mm²],(AI) Tot. Tumor Area
Foundation.Model...TME.v1.0.1.alpha...Supporting.Result...Total.area.of.cancer...mm.2,(AI) Total Cancer Area [mm²],(AI) Tot. Cancer Area
Foundation.Model...TME.v1.0.1.alpha...Supporting.Result...Total.area.of.stroma...mm.2,(AI) Total Stroma Area [mm²],(AI) Tot. Stroma Area
Foundation.Model...TME.v1.0.1.alpha...Supporting.Result...Total.area.of.necrosis...mm.2,(AI) Total Necrosis Area [mm²],(AI) Tot. Necrosis Area
Foundation.Model...TME.v1.0.1.alpha...Supporting.Result...Total.number.of.cells.in.tissue,(AI) No. of Cells in Tissue,(AI) N Cells in Tissue
Foundation.Model...TME.v1.0.1.alpha...Supporting.Result...Total.number.of.cancer.cells.in.tumor,(AI) No. of Cancer Cells in Tumor,(AI) N Ca. Cells in Tumor
Foundation.Model...TME.v1.0.1.alpha...Supporting.Result...Total.number.of.fibroblasts.in.tumor,(AI) No. of Fibroblasts in Tumor,(AI) N Fibro. in Tumor
Foundation.Model...TME.v1.0.1.alpha...Supporting.Result...Total.number.of.macrophages.in.tumor,(AI) No. of Macrophages in Tumor,(AI) N Macro. in Tumor
Foundation.Model...TME.v1.0.1.alpha...Supporting.Result...Total.number.of.plasma.cells.in.tumor,(AI) No. of Plasma Cells in Tumor,(AI) N Plasma Cells in Tumor
Foundation.Model...TME.v1.0.1.alpha...Supporting.Result...Total.number.of.lymphocytes.in.tumor,(AI) No. of Lymphocytes in Tumor,(AI) N Lymph. in Tumor
Foundation.Model...TME.v1.0.1.alpha...Supporting.Result...Total.number.of.neutrophils.in.tumor,(AI) No. of Neutrophils in Tumor,(AI) N Neutro. in Tumor
Foundation.Model...TME.v1.0.1.alpha...Supporting.Result...Total.number.of.endothelial.cells.in.tumor,(AI) No. of Endothelial Cells in Tumor,(AI) N Endo. Cells in Tumor
Foundation.Model...TME.v1.0.1.alpha...Supporting.Result...Total.number.of.other.cells.in.tumor,(AI) No. of Other Cells in Tumor,(AI) N Other Cells in Tumor
Foundation.Model...TME.v1.0.1.alpha...Supporting.Result...Total.number.of.cells.in.normal.tissue,(AI) No. of Cells in Normal Tissue,(AI) N Cells in Norm. Tiss.
TumorDetect.v1.2.0...Supporting.Result...Area.of.Necrosis...mm.2,(AI) Necrosis Area [mm²],
Artifact.Detect.v3.0.0...Key.Result.....Tissue.with.artifacts.Scanning....,(AI) Tissue with Scanning Artifacts,(AI) Tiss. w/ Scan. Art.
Artifact.Detect.v3.0.0...Key.Result.....Tissue.with.artifacts.Coverslipping....,(AI) Tissue with Coverslipping Artifacts,(AI) Tiss. w/ Cover. Art.
Artifact.Detect.v3.0.0...Key.Result.....Tissue.with.artifacts.Sectioning....,(AI) Tissue with Sectioning Artifacts,(AI) Tiss. w/ Sect. Art.
Artifact.Detect.v3.0.0...Key.Result.....Tissue.with.artifacts.Grossing.Marker....,(AI) Tissue with Grossing Marker Artifacts,(AI) Tiss. w/ Gross. Art.
Artifact.Detect.v3.0.0...Key.Result.....Tissue.with.artifacts.Other....,(AI) Tissue with Other Artifacts,(AI) Tiss. w/ Other Art.
Artifact.Detect.v3.0.0...Supporting.Result...Area.of.Evaluable.Tissue...mm.2,(AI) Evaluable Tissue Area [mm²],(AI) Eval. Tissue Area
Artifact.Detect.v3.0.0...Supporting.Result...Area.of.Total.Tissue...mm.2,(AI) Total Tissue Area [mm²],(AI) Tot. Tissue Area
log_Cautery.Crush.artefact.average_all,(Path) Cautery Crush Artifact [log],(Path) Cautery/Crush Art. [log]
sq_Cautery.Crush.artefact.average_all,(Path) Cautery Crush Artifact [sq],(Path) Cautery/Crush Art. [sq]
log_PATH.evaluable.cancer.area.marked.as.artifacty.by.AI_all,(Path) Evaluable Cancer Area Marked Artifact by AI [log],(Path) Ca. Area Mark. Art. [log]
sq_PATH.evaluable.cancer.area.marked.as.artifacty.by.AI_all,(Path) Evaluable Cancer Area Marked Artifact by AI [sq],(Path) Ca. Area Mark. Art. [sq]
log_N.Different.tissue.pieces.per.slide_Resection.Biopsy_numeric,(Path) No. of Tissue Pieces per Slide (Resection/Biopsy) [log],(Path) N Tiss. Pcs/Slide [log]
sq_N.Different.tissue.pieces.per.slide_Resection.Biopsy_numeric,(Path) No. of Tissue Pieces per Slide (Resection/Biopsy) [sq],(Path) N Tiss. Pcs/Slide [sq]
log_Cancer.content.N.specimens_Resection.Biopsy_numeric,(Path) No. of Specimens with Cancer Content (Resection/Biopsy) [log],(Path) N Specs w/ Ca. [log]
sq_Cancer.content.N.specimens_Resection.Biopsy_numeric,(Path) No. of Specimens with Cancer Content (Resection/Biopsy) [sq],(Path) N Specs w/ Ca. [sq]
log_PossiblyUltraLowTC,(Control) Capped at 20 by Pathologist [log],(Control) Capped at 20 [log]
sq_PossiblyUltraLowTC,(Control) Capped at 20 by Pathologist [sq],(Control) Capped at 20 [sq]
log_Foundation.Model...TME.v1.0.1.alpha...Key.Result...Total.area.of.tissue...mm.2,(AI) Total Tissue Area [log mm²],(AI) Tot. Tissue Area [log]
sq_Foundation.Model...TME.v1.0.1.alpha...Key.Result...Total.area.of.tissue...mm.2,(AI) Total Tissue Area [sq mm²],(AI) Tot. Tissue Area [sq]
log_Foundation.Model...TME.v1.0.1.alpha...Key.Result...Total.area.of.tumor...mm.2,(AI) Total Tumor Area [log mm²],(AI) Tot. Tumor Area [log]
sq_Foundation.Model...TME.v1.0.1.alpha...Key.Result...Total.area.of.tumor...mm.2,(AI) Total Tumor Area [sq mm²],(AI) Tot. Tumor Area [sq]
log_Foundation.Model...TME.v1.0.1.alpha...Supporting.Result...Total.area.of.cancer...mm.2,(AI) Total Cancer Area [log mm²],(AI) Tot. Cancer Area [log]
sq_Foundation.Model...TME.v1.0.1.alpha...Supporting.Result...Total.area.of.cancer...mm.2,(AI) Total Cancer Area [sq mm²],(AI) Tot. Cancer Area [sq]
log_Foundation.Model...TME.v1.0.1.alpha...Supporting.Result...Total.area.of.stroma...mm.2,(AI) Total Stroma Area [log mm²],(AI) Tot. Stroma Area [log]
sq_Foundation.Model...TME.v1.0.1.alpha...Supporting.Result...Total.area.of.stroma...mm.2,(AI) Total Stroma Area [sq mm²],(AI) Tot. Stroma Area [sq]
log_Foundation.Model...TME.v1.0.1.alpha...Supporting.Result...Total.area.of.necrosis...mm.2,(AI) Total Necrosis Area [log mm²],(AI) Tot. Necrosis Area [log]
sq_Foundation.Model...TME.v1.0.1.alpha...Supporting.Result...Total.area.of.necrosis...mm.2,(AI) Total Necrosis Area [sq mm²],(AI) Tot. Necrosis Area [sq]
log_Foundation.Model...TME.v1.0.1.alpha...Supporting.Result...Total.number.of.cells.in.tissue,(AI) No. of Cells in Tissue [log],(AI) N Cells in Tissue [log]
sq_Foundation.Model...TME.v1.0.1.alpha...Supporting.Result...Total.number.of.cells.in.tissue,(AI) No. of Cells in Tissue [sq],(AI) N Cells in Tissue [sq]
log_Foundation.Model...TME.v1.0.1.alpha...Supporting.Result...Total.number.of.cancer.cells.in.tumor,(AI) No. of Cancer Cells in Tumor [log],(AI) N Ca. Cells in Tum. [log]
sq_Foundation.Model...TME.v1.0.1.alpha...Supporting.Result...Total.number.of.cancer.cells.in.tumor,(AI) No. of Cancer Cells in Tumor [sq],(AI) N Ca. Cells in Tum. [sq]
log_Foundation.Model...TME.v1.0.1.alpha...Supporting.Result...Total.number.of.fibroblasts.in.tumor,(AI) No. of Fibroblasts in Tumor [log],(AI) N Fibro. in Tum. [log]
sq_Foundation.Model...TME.v1.0.1.alpha...Supporting.Result...Total.number.of.fibroblasts.in.tumor,(AI) No. of Fibroblasts in Tumor [sq],(AI) N Fibro. in Tum. [sq]
log_Foundation.Model...TME.v1.0.1.alpha...Supporting.Result...Total.number.of.macrophages.in.tumor,(AI) No. of Macrophages in Tumor [log],(AI) N Macro. in Tum. [log]
sq_Foundation.Model...TME.v1.0.1.alpha...Supporting.Result...Total.number.of.macrophages.in.tumor,(AI) No. of Macrophages in Tumor [sq],(AI) N Macro. in Tum. [sq]
log_Foundation.Model...TME.v1.0.1.alpha...Supporting.Result...Total.number.of.plasma.cells.in.tumor,(AI) No. of Plasma Cells in Tumor [log],(AI) N Plasma Cells in Tum. [log]
sq_Foundation.Model...TME.v1.0.1.alpha...Supporting.Result...Total.number.of.plasma.cells.in.tumor,(AI) No. of Plasma Cells in Tumor [sq],(AI) N Plasma Cells in Tum. [sq]
log_Foundation.Model...TME.v1.0.1.alpha...Supporting.Result...Total.number.of.lymphocytes.in.tumor,(AI) No. of Lymphocytes in Tumor [log],(AI) N Lymph. in Tum. [log]
sq_Foundation.Model...TME.v1.0.1.alpha...Supporting.Result...Total.number.of.lymphocytes.in.tumor,(AI) No. of Lymphocytes in Tumor [sq],(AI) N Lymph. in Tum. [sq]
log_Foundation.Model...TME.v1.0.1.alpha...Supporting.Result...Total.number.of.neutrophils.in.tumor,(AI) No. of Neutrophils in Tumor [log],(AI) N Neutro. in Tum. [log]
sq_Foundation.Model...TME.v1.0.1.alpha...Supporting.Result...Total.number.of.neutrophils.in.tumor,(AI) No. of Neutrophils in Tumor [sq],(AI) N Neutro. in Tum. [sq]
log_Foundation.Model...TME.v1.0.1.alpha...Supporting.Result...Total.number.of.endothelial.cells.in.tumor,(AI) No. of Endothelial Cells in Tumor [log],(AI) N Endo. Cells in Tum. [log]
sq_Foundation.Model...TME.v1.0.1.alpha...Supporting.Result...Total.number.of.endothelial.cells.in.tumor,(AI) No. of Endothelial Cells in Tumor [sq],(AI) N Endo. Cells in Tum. [sq]
log_Foundation.Model...TME.v1.0.1.alpha...Supporting.Result...Total.number.of.other.cells.in.tumor,(AI) No. of Other Cells in Tumor [log],(AI) N Other Cells Tum. [log]
sq_Foundation.Model...TME.v1.0.1.alpha...Supporting.Result...Total.number.of.other.cells.in.tumor,(AI) No. of Other Cells in Tumor [sq],(AI) N Other Cells Tum. [sq]
log_Foundation.Model...TME.v1.0.1.alpha...Supporting.Result...Total.number.of.cells.in.normal.tissue,(AI) No. of Cells in Normal Tissue [log],(AI) N Cells Norm. Tiss. [log]
sq_Foundation.Model...TME.v1.0.1.alpha...Supporting.Result...Total.number.of.cells.in.normal.tissue,(AI) No. of Cells in Normal Tissue [sq],(AI) N Cells Norm. Tiss. [sq]
log_TumorDetect.v1.2.0...Supporting.Result...Area.of.Necrosis...mm.2,(AI) Necrosis Area [log mm²],(AI) Necro. Area [log]
sq_TumorDetect.v1.2.0...Supporting.Result...Area.of.Necrosis...mm.2,(AI) Necrosis Area [sq mm²],(AI) Necro. Area [sq]
log_Artifact.Detect.v3.0.0...Key.Result.....Tissue.with.artifacts.Scanning....,(AI) Tissue with Scanning Artifacts [log],(AI) Tiss. w/ Scan. Art. [log]
sq_Artifact.Detect.v3.0.0...Key.Result.....Tissue.with.artifacts.Scanning....,(AI) Tissue with Scanning Artifacts [sq],(AI) Tiss. w/ Scan. Art. [sq]
log_Artifact.Detect.v3.0.0...Key.Result.....Tissue.with.artifacts.Coverslipping....,(AI) Tissue with Coverslipping Artifacts [log],(AI) Tiss. w/ Cover. Art. [log]
sq_Artifact.Detect.v3.0.0...Key.Result.....Tissue.with.artifacts.Coverslipping....,(AI) Tissue with Coverslipping Artifacts [sq],(AI) Tiss. w/ Cover. Art. [sq]
log_Artifact.Detect.v3.0.0...Key.Result.....Tissue.with.artifacts.Sectioning....,(AI) Tissue with Sectioning Artifacts [log],(AI) Tiss. w/ Sect. Art. [log]
sq_Artifact.Detect.v3.0.0...Key.Result.....Tissue.with.artifacts.Sectioning....,(AI) Tissue with Sectioning Artifacts [sq],(AI) Tiss. w/ Sect. Art. [sq]
log_Artifact.Detect.v3.0.0...Key.Result.....Tissue.with.artifacts.Grossing.Marker....,(AI) Tissue with Grossing Marker Artifacts [log],(AI) Tiss. w/ Gross. Art. [log]
sq_Artifact.Detect.v3.0.0...Key.Result.....Tissue.with.artifacts.Grossing.Marker....,(AI) Tissue with Grossing Marker Artifacts [sq],(AI) Tiss. w/ Gross. Art. [sq]
log_Artifact.Detect.v3.0.0...Key.Result.....Tissue.with.artifacts.Other....,(AI) Tissue with Other Artifacts [log],(AI) Tiss. w/ Other Art. [log]
sq_Artifact.Detect.v3.0.0...Key.Result.....Tissue.with.artifacts.Other....,(AI) Tissue with Other Artifacts [sq],(AI) Tiss. w/ Other Art. [sq]
log_Artifact.Detect.v3.0.0...Supporting.Result...Area.of.Evaluable.Tissue...mm.2,(AI) Evaluable Tissue Area [log mm²],(AI) Eval. Tissue Area [log]
sq_Artifact.Detect.v3.0.0...Supporting.Result...Area.of.Evaluable.Tissue...mm.2,(AI) Evaluable Tissue Area [sq mm²],(AI) Eval. Tissue Area [sq]
log_Artifact.Detect.v3.0.0...Supporting.Result...Area.of.Total.Tissue...mm.2,(AI) Total Tissue Area (Artifact Detect) [log mm²],(AI) Tot. Tiss. Area (AD) [log]
sq_Artifact.Detect.v3.0.0...Supporting.Result...Area.of.Total.Tissue...mm.2,(AI) Total Tissue Area (Artifact Detect) [sq mm²],(AI) Tot. Tiss. Area (AD) [sq]
AI_artefact_fraction_measure, (AI) Artifacts [%],
log_AI_artefact_fraction_measure, (AI) Artifacts [%] [log],(AI) Artifacts [%] [log]
sq_AI_artefact_fraction_measure, (AI) Artifacts [%] [sq],(AI) Artifacts [%] [sq]
Sample type,Sample Type,
Cancer,Cancer,
Metastatic,Metastatic,
Path_WSI Quality,(Path) WSI Quality,
AI_scanning_artifacts_area_%,(AI) Scanning Artifacts [%],(AI) Scan. Art. [%]
Path_Specimen Qualityl,(Path) Specimen Quality,
Path_Microtomy_ Artifacts,(Path) Microtomy Artifacts,
Path_Thick_Specimen,(Path) Thick Specimen,
Path_Cautery/Crush artifact_ average,(Path) Cautery/Crush Artifact [numeric],(Path) Cautery/Crush Art. [#]
Path_Cautery/Crush artifact average_yes_no,(Path) Cautery/Crush Artifact [yes/no],(Path) Cautery/Crush Art. [Y/N]
Path_Cancer_content_in_tissue_specimens_per_slide_Resection/Biopsy_Ratio_fixed,(Path) Cancer Content in Tissue Specimens per Slide (Resection/Biopsy) Ratio,(Path) Ca. Content Ratio
Path_Cancer_content_in_tissue_specimens_per_slide_Resection.Biopsy_Ratio_fixed,(Path) Cancer Content in Tissue Specimens per Slide (Resection/Biopsy) Ratio,(Path) Ca. Content Ratio
Path_specimen_fragmentation,(Path) Specimen Fragmentation,
Path_evaluable_cancer_area_marked_as_artifact_by_AI,(Path) Evaluable Cancer Area Marked as Artifact by AI,(Path) Eval. Ca. Area Mark. Art.
AI_total_cell_density_mm2,(AI) Total Cell Density,
AI_total_tumor_area_%,(AI) Tumor Area [%],
AI_total_cancer_area_%,(AI) Cancer Area [%],
Path_Hemorrhage,(Path) Hemorrhage,
Path_Necrosis,(Path) Necrosis,
Path_Tumor-Stroma Content,(Path) Tumor-Stroma Content,
Path_Acute infflammation,(Path) Acute Inflammation,
Path_Immune aggregates,(Path) Immune Aggregates,
Path_Tumor Infiltrating lymphocytes,(Path) Tumor Infiltrating Lymphocytes,(Path) TILs
Path_High content of intratumoral immune infiltrates,(Path) High Content of Intratumoral Immune Infiltrates,(Path) High Intratum. Immune
Path_Highly cellular stroma,(Path) Highly Cellular Stroma,
Path_Tetriary Lymphoid Structures,(Path) Tertiary Lymphoid Structures,(Path) Tert. Lymph. Struct.
AI_cancer_area_%_per_tumor,(AI) Cancer Area per Tumor [%] ,(AI) Ca. Area per Tum. [%]
AI_stroma_%_per_tumor,(AI) Stroma per Tumor [%] ,(AI) Stroma per Tum. [%]
AI_total_cell_density_in_tumor_mm2,(AI) Total Cell Density in Tumor,(AI) Tot. Cell Dens. in Tum.
AI_cancer_cell_density_in_tumor_mm2,(AI) Cancer Cell Density in Tumor,(AI) Ca. Cell Dens. in Tum.
AI_lymphocyte_density_in_tumor_mm2,(AI) Lymphocyte Density in Tumor,(AI) Lymph. Dens. in Tum.
AI_immune_cell_density_in_tumor_mm2,(AI) Immune Cell Density in Tumor,(AI) Immune Cell Dens. in Tum.
AI_fibroblast_density_in_tumor_mm2,(AI) Fibroblast Density in Tumor,(AI) Fibro. Dens. in Tum.
AI_non_immune_cell_density_in_tumor_mm2,(AI) Non-Immune Cell Density in Tumor,(AI) Non-Immune Dens. in Tum.
AI_total_stroma_area_%,(AI) Stroma Area [%],
AI_total_necrosis_area_%,(AI) Necrosis Area [%],
AI_%_lymphocytes_in_tumor,(AI) Lymphocytes in Tumor [%],(AI) Lymph. in Tum. [%]
AI_%_of_fibroblasts_in_tumor,(AI) Fibroblasts in Tumor [%],(AI) Fibro. in Tum. [%]
AI_%_of_immune_cells_in_tumor,(AI) Immune Cells in Tumor [%],(AI) Immune Cells in Tum. [%]
AI_%_of_non_immune_cells_in_tumor,(AI) Non-Immune Cells in Tumor [%],(AI) Non-Immune in Tum. [%]
AI_density_of_cells_in_normal_tissue_mm2,(AI) Density of Cells in Normal Tissue,(AI) Dens. Cells Norm. Tiss.
Path_Margin Ink_Resection,(Path) Margin Ink (Resection),(Path) Margin Ink (Resec)
TCC_FMI_minus_TCC_AI,TCC "FMI" - "AI" Discrepancy,(TCC) FMI - AI Disc.
TCC_Patho_minus_TCC_FMI,TCC "Patho" - "FMI" Discrepancy,(TCC) Path - FMI Disc.
TCC_Patho_minus_TCC_AI,TCC "Patho" - "AI" Discrepancy,(TCC) Path - AI Disc.
AI_total_stroma_area_.,(AI) Stroma Area [%],
AI_total_necrosis_area_.,(AI) Necrosis Area [%],
AI_cancer_area_._per_tumor,(AI) Cancer Area per Tumor [%] ,(AI) Ca. Area per Tum. [%]
AI_total_cancer_area_.,(AI) Cancer Area [%],
Path_Acute.infflammation,(Path) Acute Inflammation,
Path_Cautery.Crush.artifact_.average,(Path) Cautery/Crush Artifact [numeric],(Path) Cautery/Crush Art. [#]
AI_scanning_artifacts_area_.,(AI) Scanning Artifacts [%],(AI) Scan. Art. [%]
Path_Tetriary.Lymphoid.Structures,(Path) Tertiary Lymphoid Structures,(Path) Tert. Lymph. Struct.
TCC Path-AI Discrepancy,TCC "Path - AI" Discrepancy,(TCC) Path - AI Disc.
AI_total_tumor_area_.,(AI) Tumor Area [%],
AI_._of_fibroblasts_in_tumor,(AI) Fibroblasts in Tumor [%],(AI) Fibro. in Tum. [%]
AI_._of_immune_cells_in_tumor,(AI) Immune Cells in Tumor [%],(AI) Immune Cells in Tum. [%]
Path_Tumor.Infiltrating.lymphocytes,(Path) Tumor Infiltrating Lymphocytes,(Path) TILs
